{"coef_correlation": 0.9999957153311266, "mean_square_error": 0.08558311430491057}